"Producto","Producto_Base","Presentacion","Unidades_por_Caja","Descripción","Proveedor","Categoria","Imagenes"
"Scotti Riso Arborio 5 kg x2","Scotti Riso Arborio","5 kg","2","","RISO SCOTTI SPA","arroces especializados","FALSE"
"Scotti Riso Basmati 1 kg x 10","Scotti Riso Basmati","1 kg","10","","RISO SCOTTI SPA","arroces especializados","FALSE"
"Scotti Riso Carnaroli 5 kg x2","Scotti Riso Carnaroli","5 kg","2","","RISO SCOTTI SPA","arroces especializados","FALSE"
"Scotti ARROZ RISOTTO 5KG X2","Scotti ARROZ RISOTTO","5KG","2","","RISO SCOTTI SPA","arroces especializados","FALSE"
"Scotti ARROZ VENERE NEGRO 1KG X 10","Scotti ARROZ VENERE NEGRO","1KG","10","","RISO SCOTTI SPA","arroces especializados","FALSE"
"Scotti Riso Arborio 500 gr x 12","Scotti Riso Arborio","500 gr","12","","RISO SCOTTI SPA","arroces especializados","FALSE"
"Scotti Riso Arborio 1 kg x 10","Scotti Riso Arborio","1 kg","10","","RISO SCOTTI SPA","arroces especializados","FALSE"
"Scotti Riso Basmati 500 gr x 12","Scotti Riso Basmati","500 gr","12","","RISO SCOTTI SPA","arroces especializados","FALSE"
"Scotti Riso thai Jasmine 500 gr x 12","Scotti Riso thai Jasmine","500 gr","12","","RISO SCOTTI SPA","arroces especializados","FALSE"
"Scotti Riso carnaroli 500 gr x 12","Scotti Riso carnaroli","500 gr","12","","RISO SCOTTI SPA","arroces especializados","FALSE"
"Scotti Riso carnaroli 1kg x 10","Scotti Riso carnaroli","1kg","10","","RISO SCOTTI SPA","arroces especializados","FALSE"
"Scotti arroz a la parmesana 210g x 10","Scotti arroz a la parmesana","210g","10","","RISO SCOTTI SPA","arroces especializados","FALSE"
"Scotti arroz con hongos porcini 210 g x 10","Scotti arroz con hongos porcini","210 g","10","","RISO SCOTTI SPA","arroces especializados","FALSE"
"Scotti arroz arborio con trufas 210 g x 10","Scotti arroz arborio con trufas","210 g","10","","RISO SCOTTI SPA","arroces especializados","FALSE"
"GR. Gnocchi de papas g500x 12","GR. Gnocchi de papas g500x 12","","","","Pastificio Attilio Mastromauro srl","gnochi de papas","FALSE"
"DI BIASE HONGOS PORCINOS SECOS 450 gr","DI BIASE HONGOS PORCINOS SECOS","450 gr","","","FUNGHI DI BISE SRL ","Hongos porcini","FALSE"
"DI BIASE PINOLI (PINONES )","DI BIASE PINOLI (PINONES )","","","","FUNGHI DI BISE SRL ","Pinones","FALSE"
"Di Biase omates secos 1 kg","Di Biase omates secos","1 kg","","","FUNGHI DI BISE SRL ","Tomaes secos ","FALSE"
"Bonomi amaretti 200g x 15","Bonomi amaretti","200g","15","","BONOMI SPA","galletas","FALSE"
"Bonomi savoiardy 500 gr x 10","Bonomi savoiardy","500 gr","10","","BONOMI SPA","galletas","FALSE"
"Bonomi savoiardy 200 gr x 15","Bonomi savoiardy","200 gr","15","","BONOMI SPA","galletas","FALSE"
"Am vinagre balsamico de Modena 500 ML X 12","Am vinagre balsamico de Modena","500 ML","12","","ACETIFICIO ANDREA MILANO","vinagres","FALSE"
"Am vinagre balsamico de Modena 5 LITROS X 2","Am vinagre balsamico de Modena 5 LITROS","","2","","ACETIFICIO ANDREA MILANO","vinagres","FALSE"
"Am GLAZA BALSAMICA 500 ML X12","Am GLAZA BALSAMICA","500 ML","12","","ACETIFICIO ANDREA MILANO","vinagres","FALSE"
"Am vinagre balsamico de Modena1 LITRO X 12","Am vinagre balsamico de Modena1 LITRO","","12","","ACETIFICIO ANDREA MILANO","vinagres","FALSE"
"Am vinagre de manzana organico with mother 500 ml x 6","Am vinagre de manzana organico with mother","500 ml","6","","ACETIFICIO ANDREA MILANO","vinagres","FALSE"
"Am vinagre de manzana organico with mother 1 l x 12","Am vinagre de manzana organico with mother 1 l","","12","","ACETIFICIO ANDREA MILANO","vinagres","FALSE"
"Am vinagre de manzana regular 500 ml x 12","Am vinagre de manzana regular","500 ml","12","","ACETIFICIO ANDREA MILANO","vinagres","FALSE"
"Am vinagre de coco biologico no filtrado 500 ml x 6","Am vinagre de coco biologico no filtrado","500 ml","6","","ACETIFICIO ANDREA MILANO","vinagres","FALSE"
"Am vinagre de vino blanco 500 ml x 12","Am vinagre de vino blanco","500 ml","12","","ACETIFICIO ANDREA MILANO","vinagres","FALSE"
"Am vinagre de vino blanco 1 lit x 12","Am vinagre de vino blanco 1 lit","","12","","ACETIFICIO ANDREA MILANO","vinagres","FALSE"
"Am vinagre de vino tino 500 ml x 12","Am vinagre de vino tino","500 ml","12","","ACETIFICIO ANDREA MILANO","vinagres","FALSE"
"Villa Vittorua vinagre balsamico blanco 500 ml x 12","Villa Vittorua vinagre balsamico blanco","500 ml","12","","ACETIFICIO ANDREA MILANO","vinagres","FALSE"
"LATTERIA SORESINA GRANA PADANO FORMA ENTERA","LATTERIA SORESINA GRANA PADANO FORMA ENTERA","","","","LATTERIA SORESINA ","quesos","FALSE"
"LATTERIA SORESINA GRANA FORCELLO 4KG X 2","LATTERIA SORESINA GRANA FORCELLO","4KG","2","","LATTERIA SORESINA ","quesos","FALSE"
"LATTERIA SORESINA PADANO 1/8 ( 8 libras)","LATTERIA SORESINA PADANO 1/8 ( 8 libras)","","","","LATTERIA SORESINA ","quesos","FALSE"
"LATTERIA SORESINA PADANO 1/16 ( 4 libras)","LATTERIA SORESINA PADANO 1/16 ( 4 libras)","","","","LATTERIA SORESINA ","quesos","FALSE"
"LATTERIA GRANA PADANO 200G x 15","LATTERIA GRANA PADANO","200G","15","","LATTERIA SORESINA ","quesos","FALSE"
"LATTERIA SORESINA QUESO PECORINO ROMANO 250 GR X 15","LATTERIA SORESINA QUESO PECORINO ROMANO","250 GR","15","","LATTERIA SORESINA ","quesos","FALSE"
"LATTERIA SORESINA PARMEGGIANO REGGIANO 200GR x 15","LATTERIA SORESINA PARMEGGIANO REGGIANO","200GR","15","","LATTERIA SORESINA ","quesos","FALSE"
"LATTERIA SORESINA PROVOLONE DULCE ENTERO 6KG","LATTERIA SORESINA PROVOLONE DULCE ENTERO","6KG","","","LATTERIA SORESINA ","quesos","FALSE"
"GR. TAGLIATELLE LARGO / FETTUCINI g500x24","GR. TAGLIATELLE LARGO / FETTUCINI g500x24","","","","Pastificio Attilio Mastromauro srl","pastas",""
"GR. LINGUINE DI PASSERO g500x24","GR. LINGUINE DI PASSERO g500x24","","","","Pastificio Attilio Mastromauro srl","pastas",""
"GR. LINGUINE g500x24","GR. LINGUINE g500x24","","","","Pastificio Attilio Mastromauro srl","pastas",""
"GR. BUCATINI g500x24","GR. BUCATINI g500x24","","","","Pastificio Attilio Mastromauro srl","pastas",""
"GR. SPAGHETTI VERMICELLI g500x24","GR. SPAGHETTI VERMICELLI g500x24","","","","Pastificio Attilio Mastromauro srl","pastas",""
"GR. SPAGHETTI VERMICELLONI g500x24","GR. SPAGHETTI VERMICELLONI g500x24","","","","Pastificio Attilio Mastromauro srl","pastas",""
"GR. SPAGHETTI RISTORANTI g500x24","GR. SPAGHETTI RISTORANTI g500x24","","","","Pastificio Attilio Mastromauro srl","pastas",""
"GR. SPAGHETTINI g500x30","GR. SPAGHETTINI g500x30","","","","Pastificio Attilio Mastromauro srl","pastas",""
"GR. CAPELLINI g500x24","GR. CAPELLINI g500x24","","","","Pastificio Attilio Mastromauro srl","pastas",""
"GR. RIGATONI g500x24","GR. RIGATONI g500x24","","","","Pastificio Attilio Mastromauro srl","pastas",""
"GR. MEZZI RIGATONI g500x24","GR. MEZZI RIGATONI g500x24","","","","Pastificio Attilio Mastromauro srl","pastas",""
"GR. PENNE RIGATE g500x24","GR. PENNE RIGATE g500x24","","","","Pastificio Attilio Mastromauro srl","pastas",""
"GR. MEZZE PENNE RIGATE g500x24","GR. MEZZE PENNE RIGATE g500x24","","","","Pastificio Attilio Mastromauro srl","pastas",""
"GR. GNOCCHI g500x24","GR. GNOCCHI g500x24","","","","Pastificio Attilio Mastromauro srl","pastas",""
"GR. GOMITI g500x24","GR. GOMITI g500x24","","","","Pastificio Attilio Mastromauro srl","pastas",""
"GR. ROSMARINO g500x24 ( PASTA ORZO )","GR. ROSMARINO g500x24 ( PASTA ORZO )","","","","Pastificio Attilio Mastromauro srl","pastas",""
"GR. CONCHIGLIONI g500x12","GR. CONCHIGLIONI g500x12","","","","Pastificio Attilio Mastromauro srl","pastas",""
"GR. PACCHERI g500x12","GR. PACCHERI g500x12","","","","Pastificio Attilio Mastromauro srl","pastas",""
"GR. CANNELLONI g250x24","GR. CANNELLONI g250x24","","","","Pastificio Attilio Mastromauro srl","pastas",""
"GR. TAGLIATELLE UOVO g500x12","GR. TAGLIATELLE UOVO g500x12","","","","Pastificio Attilio Mastromauro srl","pastas",""
"GR. TAGLIOLINI UOVO g500x12","GR. TAGLIOLINI UOVO g500x12","","","","Pastificio Attilio Mastromauro srl","pastas",""
"GR. FETTUCCINI UOVO g500x12","GR. FETTUCCINI UOVO g500x12","","","","Pastificio Attilio Mastromauro srl","pastas",""
"GR.NIDI PAPARDELLE SEMOLAg500x12","GR.NIDI PAPARDELLE SEMOLAg500x12","","","","Pastificio Attilio Mastromauro srl","pastas",""
"GR. PAPARDELLE UOVOg500x12","GR. PAPARDELLE UOVOg500x12","","","","Pastificio Attilio Mastromauro srl","pastas",""
"GR. LASAGNA SEMOLA g500x12","GR. LASAGNA SEMOLA g500x12","","","","Pastificio Attilio Mastromauro srl","pastas",""
"GR. COUS COUS KG.1X10","GR. COUS COUS KG.1X10","","","","Pastificio Attilio Mastromauro srl","Cous cous",""
"GR.SPAGHETTI INTEGRAL 500 GR X 20","GR.SPAGHETTI INTEGRAL","500 GR","20","","Pastificio Attilio Mastromauro srl","Pastas integrales",""
"GR.PENNE INTEGRAL 500 GR X 20","GR.PENNE INTEGRAL","500 GR","20","","Pastificio Attilio Mastromauro srl","pastas integrales",""
"GR SPAGHETTI  DONNA CHIARA 500 GR X 24","GR SPAGHETTI DONNA CHIARA","500 GR","24","","Pastificio Attilio Mastromauro srl","pastas",""
"GR PENNE RIGATE DONNA CHIARA 500 GR X 24","GR PENNE RIGATE DONNA CHIARA","500 GR","24","","Pastificio Attilio Mastromauro srl","pastas",""
"GR LINGUINI DONNA CHIARA 500GR X 24","GR LINGUINI DONNA CHIARA","500GR","24","","Pastificio Attilio Mastromauro srl","pastas",""
"GR FUSILLI  DONNA CHIARA 500 GR X 24","GR FUSILLI DONNA CHIARA","500 GR","24","","Pastificio Attilio Mastromauro srl","pastas",""
"GR CODITOS  DONNA CHIARA 500 GR X 24","GR CODITOS DONNA CHIARA","500 GR","24","","Pastificio Attilio Mastromauro srl","pastas",""
"GR NIDI FETT DONNA CHIARA 500 GR X 24","GR NIDI FETT DONNA CHIARA","500 GR","24","","Pastificio Attilio Mastromauro srl","pastas",""
"GR FARFALLE DONNA CHIARA 500 GR X 24","GR FARFALLE DONNA CHIARA","500 GR","24","","Pastificio Attilio Mastromauro srl","pastas",""
"GR RIGATONI TRAFILADO AL BRONZO 500 GR X 24","GR RIGATONI TRAFILADO AL BRONZO","500 GR","24","","Pastificio Attilio Mastromauro srl","pastas trafiladas al bronzo",""
"GR SPAGHETTI TRAFILADO AL BRONZO 500 GR X 20","GR SPAGHETTI TRAFILADO AL BRONZO","500 GR","20","","Pastificio Attilio Mastromauro srl","pastas trafiladas al bronzo",""
"GR PENNE RIGATE TRAFILADO AL BRONZO 500 GR X 20","GR PENNE RIGATE TRAFILADO AL BRONZO","500 GR","20","","Pastificio Attilio Mastromauro srl","pastas trafiladas al bronzo",""
"GR LINGUINI TRAFILADO AL BRONZO 500GR X 20","GR LINGUINI TRAFILADO AL BRONZO","500GR","20","","Pastificio Attilio Mastromauro srl","pastas trafiladas al bronzo",""
"GR FUSILLI TRAFILADO AL BRONZO 500 GR X 20","GR FUSILLI TRAFILADO AL BRONZO","500 GR","20","","Pastificio Attilio Mastromauro srl","pastas trafiladas al bronzo",""
"GR CASERECCIA TRAFILADA AL BRONZO 500 GR X 20","GR CASERECCIA TRAFILADA AL BRONZO","500 GR","20","","Pastificio Attilio Mastromauro srl","pastas trafiladas al bronzo",""
"GR RIGATONI  TRAFILADO AL BRONZO 500 GR X 20","GR RIGATONI TRAFILADO AL BRONZO","500 GR","20","","Pastificio Attilio Mastromauro srl","pastas trafiladas al bronzo",""
"GR NIDI PAPPARDELLE SEMOLA TRAFILADO AL BRONZO  500 GR X 12","GR NIDI PAPPARDELLE SEMOLA TRAFILADO AL BRONZO","500 GR","12","","Pastificio Attilio Mastromauro srl","pastas trafiladas al bronzo",""
"GR ORECHIETTE  TRAFILADO AL BRONZO500 GR X 20","GR ORECHIETTE TRAFILADO AL BRONZO500 GR","","20","","Pastificio Attilio Mastromauro srl","pastas trafiladas al bronzo",""
"GR CALAMARI TRILADA AL BRONZO 500 GR X 12","GR CALAMARI TRILADA AL BRONZO","500 GR","12","","Pastificio Attilio Mastromauro srl","pastas trafiladas al bronzo",""
"GR SPAGHETTI GLUTEN FREE 400 GR X 12","GR SPAGHETTI GLUTEN FREE","400 GR","12","","Pastificio Attilio Mastromauro srl","pastas sin gluten",""
"GR PENNE GLUTEN FREE  400 GR X 12","GR PENNE GLUTEN FREE","400 GR","12","","Pastificio Attilio Mastromauro srl","pastas sin gluten",""
"GR FUSILLI GLUTEN FREE400 GR X 12","GR FUSILLI GLUTEN FREE400 GR","","12","","Pastificio Attilio Mastromauro srl","pastas sin gluten",""
"GR LASAGNA GLUTEN FREE 250 GR X 12","GR LASAGNA GLUTEN FREE","250 GR","12","","Pastificio Attilio Mastromauro srl","pastas sin gluten",""
"GR GNOCHI DE PAPAS GLUTEN FREE 500GR X 12","GR GNOCHI DE PAPAS GLUTEN FREE","500GR","12","","Pastificio Attilio Mastromauro srl","pastas sin gluten",""
"FB Aceite Extra Virgen chef 5 lit x 2","FB Aceite Extra Virgen chef 5 lit","","2","","SALOV","aceites extra virgen ",""
"FB aceite extra virgen + girasol blend 5 lit x 2 mixto","FB aceite extra virgen + girasol blend 5 lit mixto","","2","","SALOV","aceite mezcla",""
"FB Aceite Extra Virgen 750 mlx 12","FB Aceite Extra Virgen 750 mlx 12","","","","SALOV","aceites extra virgen ",""
"FB Aceite Extra Virgen 500 mlx 12","FB Aceite Extra Virgen 500 mlx 12","","","","SALOV","aceites extra virgen ",""
"FB Aceite Extra Virgen 250 mlx 12","FB Aceite Extra Virgen 250 mlx 12","","","","SALOV","aceites extra virgen ",""
"FB Pesto a la Genovesa Verde 190g x 6","FB Pesto a la Genovesa Verde","190g","6","","SALOV","salsa pesto",""
"FB Pesto de tomates secos rojo 190g x 6","FB Pesto de tomates secos rojo","190g","6","","SALOV","salsa pesto",""
"FB Pesto Ricotta y tomates 190g x 6","FB Pesto Ricotta y tomates","190g","6","","SALOV","salsa pesto",""
"FB Vinagre Balsamico 250 ml x 12","FB Vinagre Balsamico","250 ml","12","","SALOV","vinagres",""
"FB Aceite Extra Virgen con chili PEPERONCINO 250 mlx 12","FB Aceite Extra Virgen con chili PEPERONCINO 250 mlx 12","","","","SALOV","aceite extra virgen saborizado",""
"FB Glaza balsamica 250 ml x 6","FB Glaza balsamica","250 ml","6","","SALOV","Vinagre balsamico",""
"Gemignani miel de trufas 250 gr x 9","Gemignani miel de trufas","250 gr","9","","GEMIGNANI ","Productos con trufa",""
"Gemignani aceite de trufas 250 gr x 6","Gemignani aceite de trufas","250 gr","6","","GEMIGNANI ","productos con trufa",""
"Gemignani tomates secos 1kg x 10","Gemignani tomates secos","1kg","10","","GEMIGNANI ","Tomates secos",""
"Crema tartufata especial 500 GR X 6 ( crema de trufas )","Crema tartufata especial ( crema de trufas )","500 GR","6","","VIANDER","productos con trufa",""
"Olive nere denocciolate ( Aceitunas negras sin millas ) 5 kg","Olive nere denocciolate ( Aceitunas negras sin millas )","5 kg","","","VIANDER","aceitunas",""
"Preparado de Tiramisu 4 X 270 GR X 6","Preparado de Tiramisu X 6","270 GR","270","","VIANDER","preparados para postre",""
"Preparado de Panna Cotta 4 X 270 GR X 6","Preparado de Panna Cotta X 6","270 GR","270","","VIANDER","preparados para postre",""
"Preparado de Mousse de chocolate 4 X 270 GR X 6","Preparado de Mousse de chocolate X 6","270 GR","270","","VIANDER","preparados para postre",""
"Funghi fantasia di bosco 1000 gr x 24","Funghi fantasia di bosco","1000 gr","24","","VIANDER","hongos especialidad",""
"Viander Crema de pistacho 500 gr x 6","Viander Crema de pistacho","500 gr","6","","VIANDER","salsa pesto pistacho",""
"Viander Ndjua 300 gr x 12","Viander Ndjua","300 gr","12","","VIANDER","salsa de Ndjua",""
"Alcachofas para pizza al natural 3kg x 6","Alcachofas para pizza al natural","3kg","6","","VIANDER","Alcachofas",""
"Alcachofas a la Romana con Gambo 750 gr x 4 Bella Atmosfera","Alcachofas a la Romana con Gambo Bella Atmosfera","750 gr","4","","VIANDER","Alcachofas",""
"Hongos porcini guarniture trifolato 950 gr x 8 Bella Armosfera","Hongos porcini guarniture trifolato Bella Armosfera","950 gr","8","","VIANDER","Hongos especialidad",""
"Azafran 0.125 x 100","Azafran 0.125","","100","","VIANDER","azafran",""
"Nero di Sepia 500 gr x 8","Nero di Sepia","500 gr","8","","VIANDER","Tinta de calamar",""
"Loacker Classic 45g x25x12 Napolitaner","Loacker Classic x12 Napolitaner","45g","25","","LOACKER SPA","galletas",""
"Loacker Classic 45g x25x12 Vanille","Loacker Classic x12 Vanille","45g","25","","LOACKER SPA","galletas",""
"Loacker Classic 45g x25x12 Cremkakao","Loacker Classic x12 Cremkakao","45g","25","","LOACKER SPA","galletas",""
"Loacker Classic 45g x25x12 Milk","Loacker Classic x12 Milk","45g","25","","LOACKER SPA","galletas",""
"Loacker Classic 45g x25x12 Coconut","Loacker Classic x12 Coconut","45g","25","","LOACKER SPA","galletas",""
"Loacker Classic 175g x18 Napolitaner","Loacker Classic Napolitaner","175g","18","","LOACKER SPA","galletas",""
"Loacker Classic 175g x18 Vanille","Loacker Classic Vanille","175g","18","","LOACKER SPA","galletas",""
"Loacker Classic 175g x18 Cremkakao","Loacker Classic Cremkakao","175g","18","","LOACKER SPA","galletas",""
"Loacker Classic 175g x18 Milk","Loacker Classic Milk","175g","18","","LOACKER SPA","galletas",""
"Loacker Quadratini 110g x12 Tiramisù","Loacker Quadratini Tiramisù","110g","12","","LOACKER SPA","galletas",""
"Loacker Quadratini 125g x12 Napolitaner","Loacker Quadratini Napolitaner","125g","12","","LOACKER SPA","galletas",""
"Loacker Quadratini 125g x12 Kakao","Loacker Quadratini Kakao","125g","12","","LOACKER SPA","galletas",""
"Loacker Quadratini 125g x12 Cocoa and Milkk","Loacker Quadratini Cocoa and Milkk","125g","12","","LOACKER SPA","galletas",""
"Loacker Quadratini 125g x12 Double chocolate","Loacker Quadratini Double chocolate","125g","12","","LOACKER SPA","galletas",""
"Loacker Quadratini 125g x12 Vanilla","Loacker Quadratini Vanilla","125g","12","","LOACKER SPA","galletas",""
"Loacker Quadratini 125g x12 Coconut","Loacker Quadratini Coconut","125g","12","","LOACKER SPA","galletas",""
"Loacker Quadratini 125g x12 Lemon","Loacker Quadratini Lemon","125g","12","","LOACKER SPA","galletas",""
"Loacker Quadratini 125g x12 Dark Chocolate","Loacker Quadratini Dark Chocolate","125g","12","","LOACKER SPA","galletas",""
"Loacker Mini 150g x 7 Napolitaner","Loacker Mini Napolitaner","150g","7","","LOACKER SPA","galletas",""
"Loacker Mini 150g x 7 Vainilla","Loacker Mini Vainilla","150g","7","","LOACKER SPA","galletas",""
"Loacker Mini 150g x 7 Mix","Loacker Mini Mix","150g","7","","LOACKER SPA","galletas",""
"Gran Pasticceria Tortina Mini 90g x14 Original","Gran Pasticceria Tortina Mini Original","90g","14","","LOACKER SPA","galletas",""
"Gran Pasticceria 100g x18 Coconut","Gran Pasticceria Coconut","100g","18","","LOACKER SPA","galletas",""
"Gran Pasticceria 100g x18 Creme Noisette","Gran Pasticceria Creme Noisette","100g","18","","LOACKER SPA","galletas",""
"Gran Pasticceria 100g x18 Cappuccino","Gran Pasticceria Cappuccino","100g","18","","LOACKER SPA","galletas",""
"LOACKER LESS SUGAR HAZELNUT 175 GR X 18","LOACKER LESS SUGAR HAZELNUT","175 GR","18","","LOACKER SPA","galletas",""
"LOACKER LESS SUGAR CHOCOLATE 175 GR X 18","LOACKER LESS SUGAR CHOCOLATE","175 GR","18","","LOACKER SPA","galletas",""
"QUADRATINI LESS SUGAR CHOCOLATE 110 GR X 12","QUADRATINI LESS SUGAR CHOCOLATE","110 GR","12","","LOACKER SPA","galletas",""
"QUADRATINI LESS SUGAR HAZELNUT 110 GR X 12","QUADRATINI LESS SUGAR HAZELNUT","110 GR","12","","LOACKER SPA","galletas",""
"TOMATES PELADOS VALLE DEL SOL 2550 gr x 6","TOMATES PELADOS VALLE DEL SOL","2550 gr","6","","VALLE DEL SOL","Tomates pelados Italianos",""
"TOMATES PELADO LA TORRENTE","TOMATES PELADO LA TORRENTE","","","","LA TORRENTE","Tomates pelados Italianos",""
"GR PASSATA DI POMODORO 690 GR X 12","GR PASSATA DI POMODORO","690 GR","12","","Pastificio Attilio Mastromauro srl","Salsa passata di pomodorp",""
"GR TOMATES PELADOS 400 GR X 24","GR TOMATES PELADOS","400 GR","24","","Pastificio Attilio Mastromauro srl","Tomates pelados Italianos",""
"GR TOMATES PELADOS 800 GR X 12","GR TOMATES PELADOS","800 GR","12","","Pastificio Attilio Mastromauro srl","Tomates pelados Italianos",""
"CROISSANT CACAO 6pcs X 12","CROISSANT CACAO 6pcs","","12","","BAULI","croissant",""
"CROISSANT CREMA 6pcs X 12","CROISSANT CREMA 6pcs","","12","","BAULI","croissant",""
"CROISSANT ALBICOCCA 6pcs X 12","CROISSANT ALBICOCCA 6pcs","","12","","BAULI","croissant",""
"CROISSANT CILIEGIA 6pcs 12","CROISSANT CILIEGIA 6pcs 12","","","","BAULI","croissant",""
"GRANORO FARINA 00 1 KG X 10","GRANORO FARINA 00","1 KG","10","","Pastificio Attilio Mastromauro srl","harinas",""
"GRANORO FARINA 0 PER PIZZA 1 KG X 10","GRANORO FARINA 0 PER PIZZA","1 KG","10","","Pastificio Attilio Mastromauro srl","harinas",""
"GRANORO SEMOLA DE GRANO DURO 500 GR X10","GRANORO SEMOLA DE GRANO DURO","500 GR","10","","Pastificio Attilio Mastromauro srl","harinas",""
"MOLINO DALLA GIOVANNA FARINA 00 LA NAPOLETANA 25 KG","MOLINO DALLA GIOVANNA FARINA 00 LA NAPOLETANA","25 KG","","","MOLINO DALLA GIOVANNA","harinas",""
"MOLINA DALLA GIOVANNA FARINA 00 R PER PIZZA 25 KG GREEN","MOLINA DALLA GIOVANNA FARINA 00 R PER PIZZA GREEN","25 KG","","","MOLINO DALLA GIOVANNA","harinas",""
"MOLINA DALLAGIOVANNA FARINA 00 S PIZZA KG ROJA","MOLINA DALLAGIOVANNA FARINA 00 S PIZZA KG ROJA","","","","MOLINO DALLA GIOVANNA","harinas",""
"MOLINA DALLA GIOVANNA FARINA PASTA GOLD TIPO 00 25 KG","MOLINA DALLA GIOVANNA FARINA PASTA GOLD TIPO 00","25 KG","","","MOLINO DALLA GIOVANNA","harinas",""
"MOLINA DALLA GIOVANNA SEMOLA RIMACINATA 25 KG","MOLINA DALLA GIOVANNA SEMOLA RIMACINATA","25 KG","","","MOLINO DALLA GIOVANNA","harinas",""
"MOLINO DALLA GIOVANNA SEMOLA EXTRA 25 KG","MOLINO DALLA GIOVANNA SEMOLA EXTRA","25 KG","","","MOLINO DALLA GIOVANNA","harinas",""
"MOLINO DALLA GIOVANNA GRANITO 5 KG","MOLINO DALLA GIOVANNA GRANITO","5 KG","","","MOLINO DALLA GIOVANNA","harinas",""
"LOTUS ORIG. BISC.CARAMELLATO GR 125X 20","LOTUS ORIG. BISC.CARAMELLATO GR 125X 20","","","","LOTUS BISCOFF","galletas",""
"LOTUS ORIG. BISC.CARAMELLATO GR 250 X10","LOTUS ORIG. BISC.CARAMELLATO GR 250","","10","","LOTUS BISCOFF","galletas",""
"LOTUS ORIG.BISC. CARAM. POCKET 2 PZ X 6 X 12","LOTUS ORIG.BISC. CARAM. POCKET 2 PZ X 12","","6","","LOTUS BISCOFF","galletas",""
"LOTUS BISCOFF SANDWICH BISC. CREMA GR 150 X 9","LOTUS BISCOFF SANDWICH BISC. CREMA GR 150","","9","","LOTUS BISCOFF","galletas",""
